{
    "animation": [
        {
            "name": "Root",
            "time": [0.0, 0.1667, 0.2333, 0.3167, 0.5167, 0.8167],
            "transform": [
                [-0.123296, -0.037163, -0.991674, -0.010713, -0.937703, 0.331457, 0.104164, 0.176506, 0.324826, 0.942738, -0.075715, 0.751818, 0.0, 0.0, 0.0, 1.0],
                [0.997556, -0.012637, -0.068713, -0.010713, -0.062357, 0.282504, -0.957237, 0.941911, 0.031508, 0.959183, 0.281025, 0.469, 0.0, 0.0, 0.0, 1.0],
                [0.553396, -0.057503, 0.830931, -0.010713, 0.815628, 0.239631, -0.52662, 1.901948, -0.168835, 0.96916, 0.179512, 0.47716, 0.0, 0.0, 0.0, 1.0],
                [0.523226, 0.007204, 0.852163, -0.025419, 0.847408, 0.101434, -0.521164, 2.25975, -0.090192, 0.994816, 0.046968, 0.599907, 0.0, 0.0, 0.0, 1.0],
                [0.355006, 0.0, 0.934864, -0.010713, 0.934864, 0.0, -0.355006, 2.344721, 0.0, 1.0, 0.0, 0.647365, 0.0, 0.0, 0.0, 1.0],
                [0.968198, 0.012251, -0.249884, -5e-06, -0.250156, 0.032509, -0.96766, 2.679755, -0.003731, 0.999396, 0.034539, 0.670691, 0.0, 0.0, 0.0, 1.0]
            ]
        },
        {
            "name": "Thigh_R",
            "time": [0.0, 0.1667, 0.2333, 0.3167, 0.5167, 0.8167],
            "transform": [
                [0.996717, 0.06628, 0.046498, 0.124994, 0.019123, -0.750784, 0.66027, -0.002831, 0.078673, -0.657213, -0.749587, -1.2e-05, 0.0, 0.0, 0.0, 1.0],
                [0.997578, 0.026382, 0.064368, 0.124994, -0.054023, -0.28916, 0.955754, -0.002831, 0.043827, -0.956917, -0.287034, -1.2e-05, 0.0, 0.0, 0.0, 1.0],
                [0.859241, 0.122609, -0.49666, 0.124994, 0.46974, -0.573598, 0.671065, -0.002831, -0.202605, -0.809908, -0.550454, -1.2e-05, 0.0, 0.0, 0.0, 1.0],
                [0.797113, 0.39705, -0.454932, 0.124994, 0.581357, -0.708264, 0.400479, -0.002831, -0.163202, -0.583705, -0.795395, -1.2e-05, 0.0, 0.0, 0.0, 1.0],
                [0.852171, 0.396378, -0.341597, 0.124994, 0.465079, -0.872928, 0.147298, -0.002831, -0.239804, -0.284392, -0.928232, -1.2e-05, 0.0, 0.0, 0.0, 1.0],
                [0.961877, 0.201452, -0.184957, 0.124994, 0.271748, -0.780076, 0.563589, -0.002831, -0.030744, -0.592366, -0.805082, -1.1e-05, 0.0, 0.0, 0.0, 1.0]
            ]
        },
        {
            "name": "Leg_R",
            "time": [0.0, 0.1667, 0.2333, 0.3167, 0.5167, 0.8167],
            "transform": [
                [1.0, 0.000128, 0.000202, 0.0, -0.000155, -0.293032, 0.956103, 0.37472, 0.000182, -0.956102, -0.293033, 0.0, 0.0, 0.0, 0.0, 1.0],
                [1.0, 6.2e-05, 0.000164, 0.0, -0.000119, -0.447531, 0.894268, 0.37472, 0.000129, -0.894268, -0.447531, 0.0, 0.0, 0.0, 0.0, 1.0],
                [1.0, 0.000403, 0.000441, -0.0, -0.000339, -0.224534, 0.974466, 0.37472, 0.000492, -0.974465, -0.224535, -0.0, 0.0, 0.0, 0.0, 1.0],
                [1.0, 0.000659, 0.000107, -0.0, -0.000459, 0.563446, 0.826153, 0.37472, 0.000484, -0.826153, 0.563446, -0.0, 0.0, 0.0, 0.0, 1.0],
                [1.0, 0.000585, -9.8e-05, 0.0, -0.000442, 0.844842, 0.535016, 0.37472, 0.000396, -0.535016, 0.844842, -0.0, 0.0, 0.0, 0.0, 1.0],
                [1.0, 0.000167, 0.000141, -0.0, -0.000218, 0.721957, 0.691937, 0.37472, 1.3e-05, -0.691937, 0.721957, -0.0, 0.0, 0.0, 0.0, 1.0]
            ]
        },
        {
            "name": "Knee_R",
            "time": [0.0, 0.1667, 0.2333, 0.3167, 0.5167, 0.8167],
            "transform": [
                [1.0, 0.0, -1e-06, 0.0, -0.0, 0.0, -1.0, 0.37472, -0.0, 1.0, 0.0, 0.0, 0.0, 0.0, 0.0, 1.0],
                [1.0, 0.0, -0.0, 0.0, -0.0, 0.0, -1.0, 0.37472, -0.0, 1.0, 0.0, -0.0, 0.0, 0.0, 0.0, 1.0],
                [1.0, 0.0, -0.0, -0.0, -0.0, 0.0, -1.0, 0.37472, -0.0, 1.0, 0.0, 0.0, 0.0, 0.0, 0.0, 1.0],
                [1.0, 0.0, -1e-06, 0.0, -0.0, 0.0, -1.0, 0.37472, -0.0, 1.0, 0.0, -0.0, 0.0, 0.0, 0.0, 1.0],
                [1.0, 0.0, -0.0, -0.0, -0.0, 0.0, -1.0, 0.37472, -0.0, 1.0, 0.0, 0.0, 0.0, 0.0, 0.0, 1.0],
                [1.0, 0.0, -0.0, 0.0, -0.0, 0.0, -1.0, 0.37472, -0.0, 1.0, 0.0, -0.0, 0.0, 0.0, 0.0, 1.0]
            ]
        },
        {
            "name": "Thigh_L",
            "time": [0.0, 0.1667, 0.2333, 0.3167, 0.5167, 0.8167],
            "transform": [
                [0.998743, -0.013138, 0.04838, -0.125006, -0.024399, -0.970428, 0.240153, -0.002831, 0.043794, -0.241032, -0.969529, -1.2e-05, 0.0, 0.0, 0.0, 1.0],
                [0.991636, -0.046171, -0.120522, -0.125006, -0.081763, -0.947265, -0.309842, -0.002831, -0.099861, 0.317105, -0.943118, -1.2e-05, 0.0, 0.0, 0.0, 1.0],
                [0.917976, -0.390182, 0.071267, -0.125006, -0.381658, -0.82002, 0.426502, -0.002831, -0.107973, -0.418718, -0.901675, -1.2e-05, 0.0, 0.0, 0.0, 1.0],
                [0.931361, -0.363977, -0.009339, -0.125006, -0.351934, -0.906526, 0.233135, -0.002831, -0.093322, -0.213847, -0.9724, -1.2e-05, 0.0, 0.0, 0.0, 1.0],
                [0.752541, -0.559383, -0.347523, -0.125006, -0.509886, -0.828898, 0.230091, -0.002831, -0.416771, 0.004045, -0.909003, -1.2e-05, 0.0, 0.0, 0.0, 1.0],
                [0.879826, -0.35402, -0.317137, -0.125006, -0.226147, -0.898681, 0.375802, -0.002831, -0.418047, -0.258922, -0.870745, -1.1e-05, 0.0, 0.0, 0.0, 1.0]
            ]
        },
        {
            "name": "Leg_L",
            "time": [0.0, 0.1667, 0.2333, 0.3167, 0.5167, 0.8167],
            "transform": [
                [1.0, -5.8e-05, -1.5e-05, 0.0, 5.9e-05, 0.908688, 0.417475, 0.37472, -1.1e-05, -0.417474, 0.908688, -0.0, 0.0, 0.0, 0.0, 1.0],
                [1.0, -0.000108, -2.3e-05, -0.0, 0.000103, 0.836173, 0.548466, 0.37472, -4e-05, -0.548465, 0.836173, -0.0, 0.0, 0.0, 0.0, 1.0],
                [1.0, -0.000145, -0.000239, -0.0, 0.000273, 0.324853, 0.945765, 0.37472, -6e-05, -0.945764, 0.324853, -0.0, 0.0, 0.0, 0.0, 1.0],
                [1.0, -0.000205, -0.000156, -0.0, 0.000252, 0.650044, 0.759897, 0.37472, -5.4e-05, -0.759896, 0.650044, -0.0, 0.0, 0.0, 0.0, 1.0],
                [1.0, -0.000349, -5.1e-05, 0.0, 0.00035, 0.966104, 0.258153, 0.37472, -4.1e-05, -0.258153, 0.966104, 0.0, 0.0, 0.0, 0.0, 1.0],
                [1.0, -4.8e-05, -4.2e-05, -0.0, 6.3e-05, 0.641064, 0.767488, 0.37472, -1e-05, -0.767487, 0.641063, 0.0, 0.0, 0.0, 0.0, 1.0]
            ]
        },
        {
            "name": "Knee_L",
            "time": [0.0, 0.1667, 0.2333, 0.3167, 0.5167, 0.8167],
            "transform": [
                [1.0, 0.0, -0.0, 0.0, -0.0, 0.0, -1.0, 0.37472, -0.0, 1.0, 0.0, -0.0, 0.0, 0.0, 0.0, 1.0],
                [1.0, 0.0, -0.0, -0.0, -0.0, 0.0, -1.0, 0.37472, -0.0, 1.0, 0.0, -0.0, 0.0, 0.0, 0.0, 1.0],
                [1.0, 0.0, -0.0, -0.0, -0.0, 0.0, -1.0, 0.37472, -0.0, 1.0, 0.0, -0.0, 0.0, 0.0, 0.0, 1.0],
                [1.0, 0.0, -1e-06, -0.0, -0.0, 0.0, -1.0, 0.37472, -0.0, 1.0, 0.0, -0.0, 0.0, 0.0, 0.0, 1.0],
                [1.0, 0.0, -0.0, 0.0, -0.0, 0.0, -1.0, 0.37472, -0.0, 1.0, 0.0, 0.0, 0.0, 0.0, 0.0, 1.0],
                [1.0, 0.0, -0.0, 0.0, -0.0, 0.0, -1.0, 0.37472, -0.0, 1.0, 0.0, 0.0, 0.0, 0.0, 0.0, 1.0]
            ]
        },
        {
            "name": "Torso",
            "time": [0.0, 0.1667, 0.2333, 0.3167, 0.5167, 0.8167],
            "transform": [
                [1.0, -0.0, 0.0, 0.0, -0.0, 1.0, 0.0, 0.050001, 0.0, 0.0, 1.0, 0.0, 0.0, 0.0, 0.0, 1.0],
                [1.0, 0.0, 0.0, 0.0, -0.0, 0.98387, 0.178883, 0.05, -0.0, -0.178883, 0.98387, -0.0, 0.0, 0.0, 0.0, 1.0],
                [1.0, -0.0, -0.0, -0.0, 0.0, 1.0, -0.0, 0.05, 0.0, 0.0, 1.0, 0.0, 0.0, 0.0, 0.0, 1.0],
                [1.0, 0.0, 0.0, -0.0, 0.0, 1.0, 0.0, 0.05, -0.0, -0.0, 1.0, 0.0, 0.0, 0.0, 0.0, 1.0],
                [1.0, 0.0, 0.0, -0.0, 0.0, 1.0, 0.0, 0.05, 0.0, 0.0, 1.0, -0.0, 0.0, 0.0, 0.0, 1.0],
                [1.0, -0.0, -0.0, 0.0, 0.0, 0.997185, -0.074975, 0.05, 0.0, 0.074975, 0.997185, 0.0, 0.0, 0.0, 0.0, 1.0]
            ]
        },
        {
            "name": "Chest",
            "time": [0.0, 0.1667, 0.2333, 0.3167, 0.5167, 0.8167],