{
    "animation": [
        {
            "name": "Root",
            "time": [0.0, 0.0833, 0.1667, 0.1833, 0.3833, 0.8167],
            "transform": [
                [0.997967, 0.026673, 0.057885, -5e-06, 0.060788, -0.12539, -0.990243, 0.169029, -0.019154, 0.991749, -0.126757, 0.698087, 0.0, 0.0, 0.0, 1.0],
                [0.999397, 0.031756, -0.014028, -5e-06, -0.016206, 0.069401, -0.997457, 0.335479, -0.030702, 0.997083, 0.069874, 0.656532, 0.0, 0.0, 0.0, 1.0],
                [-0.206153, 0.043865, -0.977536, -5e-06, -0.978469, -0.019431, 0.205477, 0.666986, -0.009982, 0.998848, 0.046927, 0.598201, 0.0, 0.0, 0.0, 1.0],
                [-0.244813, 0.043865, -0.968578, -5e-06, -0.969537, -0.019431, 0.244175, 0.666986, -0.00811, 0.998848, 0.047286, 0.598201, 0.0, 0.0, 0.0, 1.0],
                [-0.206153, 0.043865, -0.977536, -5e-06, -0.978469, -0.019431, 0.205477, 0.666986, -0.009982, 0.998848, 0.046927, 0.598201, 0.0, 0.0, 0.0, 1.0],
                [1.0, 0.0, 0.0, -5e-06, 0.0, -0.012594, -0.999921, 1.053211, 0.0, 0.999921, -0.012594, 0.753857, 0.0, 0.0, 0.0, 1.0]
            ]
        },
        {
            "name": "Thigh_R",
            "time": [0.0, 0.0833, 0.1667, 0.1833, 0.3833, 0.8167],
            "transform": [
                [0.983758, 0.057571, -0.170016, 0.124994, 0.084863, -0.983801, 0.157903, -0.002831, -0.158171, -0.169767, -0.972708, -1.2e-05, 0.0, 0.0, 0.0, 1.0],
                [0.994649, 0.057091, -0.086104, 0.124994, 0.076787, -0.966107, 0.246453, -0.002831, -0.069115, -0.251746, -0.965322, -1.2e-05, 0.0, 0.0, 0.0, 1.0],
                [0.885171, 0.410998, -0.218068, 0.124994, 0.447727, -0.624972, 0.639491, -0.002831, 0.126544, -0.663694, -0.737222, -1.2e-05, 0.0, 0.0, 0.0, 1.0],
                [0.893778, 0.413702, -0.173236, 0.124994, 0.413442, -0.610237, 0.675777, -0.002831, 0.173856, -0.675619, -0.716459, -1.2e-05, 0.0, 0.0, 0.0, 1.0],
                [0.885171, 0.410998, -0.218068, 0.124994, 0.447727, -0.624972, 0.639491, -0.002831, 0.126544, -0.663694, -0.737222, -1.2e-05, 0.0, 0.0, 0.0, 1.0],
                [0.989882, 0.134688, 0.044645, 0.124994, 0.129799, -0.986626, 0.09859, -0.002831, 0.057327, -0.091797, -0.994126, -1.2e-05, 0.0, 0.0, 0.0, 1.0]
            ]
        },
        {
            "name": "Leg_R",
            "time": [0.0, 0.0833, 0.1667, 0.1833, 0.3833, 0.8167],
            "transform": [
                [1.0, 5.5e-05, 4e-05, -0.0, -6.7e-05, 0.688037, 0.725676, 0.37472, 1.3e-05, -0.725675, 0.688037, 0.0, 0.0, 0.0, 0.0, 1.0],
                [1.0, 4.6e-05, 4.4e-05, 0.0, -6.3e-05, 0.583976, 0.811771, 0.37472, 1.2e-05, -0.81177, 0.583976, -0.0, 0.0, 0.0, 0.0, 1.0],
                [1.0, 0.000238, 0.000216, 0.0, -0.000321, 0.705862, 0.708349, 0.37472, 1.6e-05, -0.708349, 0.705861, 0.0, 0.0, 0.0, 0.0, 1.0],
                [1.0, 0.000235, 0.000212, 0.0, -0.000316, 0.71423, 0.69991, 0.37472, 1.3e-05, -0.699911, 0.71423, -0.0, 0.0, 0.0, 0.0, 1.0],
                [1.0, 0.000238, 0.000216, 0.0, -0.000321, 0.705862, 0.708349, 0.37472, 1.6e-05, -0.708349, 0.705861, 0.0, 0.0, 0.0, 0.0, 1.0],
                [1.0, 0.000109, 8e-06, 0.0, -0.000108, 0.979651, 0.20071, 0.37472, 1.4e-05, -0.200709, 0.979651, -0.0, 0.0, 0.0, 0.0, 1.0]
            ]
        },
        {
            "name": "Knee_R",
            "time": [0.0, 0.0833, 0.1667, 0.1833, 0.3833, 0.8167],
            "transform": [
                [1.0, 0.0, -0.0, -0.0, -0.0, 0.0, -1.0, 0.37472, -0.0, 1.0, 0.0, 0.0, 0.0, 0.0, 0.0, 1.0],
                [1.0, 0.0, -0.0, -0.0, -0.0, 0.0, -1.0, 0.37472, -0.0, 1.0, 0.0, 0.0, 0.0, 0.0, 0.0, 1.0],
                [1.0, 0.0, -0.0, 0.0, -0.0, 0.0, -1.0, 0.37472, -0.0, 1.0, 0.0, -0.0, 0.0, 0.0, 0.0, 1.0],
                [1.0, 0.0, -0.0, -0.0, -0.0, 0.0, -1.0, 0.37472, -0.0, 1.0, 0.0, -0.0, 0.0, 0.0, 0.0, 1.0],
                [1.0, 0.0, -0.0, 0.0, -0.0, 0.0, -1.0, 0.37472, -0.0, 1.0, 0.0, -0.0, 0.0, 0.0, 0.0, 1.0],
                [1.0, 0.0, -0.0, 0.0, -0.0, 0.0, -1.0, 0.37472, -0.0, 1.0, 0.0, -0.0, 0.0, 0.0, 0.0, 1.0]
            ]
        },
        {
            "name": "Thigh_L",
            "time": [0.0, 0.0833, 0.1667, 0.1833, 0.3833, 0.8167],
            "transform": [
                [0.92887, -0.350495, -0.119813, -0.125006, -0.305255, -0.907556, 0.288376, -0.002831, -0.209811, -0.23129, -0.949992, -1.2e-05, 0.0, 0.0, 0.0, 1.0],
                [0.991436, -0.130008, -0.01235, -0.125006, -0.075224, -0.645823, 0.759771, -0.002831, -0.106752, -0.752337, -0.650072, -1.2e-05, 0.0, 0.0, 0.0, 1.0],
                [0.838024, -0.468458, -0.279756, -0.125006, -0.384004, -0.870606, 0.307546, -0.002831, -0.38763, -0.150304, -0.909479, -1.2e-05, 0.0, 0.0, 0.0, 1.0],
                [0.840761, -0.458442, -0.288013, -0.125006, -0.382454, -0.879441, 0.283389, -0.002831, -0.383209, -0.128111, -0.914735, -1.2e-05, 0.0, 0.0, 0.0, 1.0],
                [0.838024, -0.468458, -0.279756, -0.125006, -0.384004, -0.870606, 0.307546, -0.002831, -0.38763, -0.150304, -0.909479, -1.2e-05, 0.0, 0.0, 0.0, 1.0],
                [0.990992, -0.10152, -0.087339, -0.125006, -0.085739, -0.981957, 0.168548, -0.002831, -0.102874, -0.159542, -0.981817, -1.2e-05, 0.0, 0.0, 0.0, 1.0]
            ]
        },
        {
            "name": "Leg_L",
            "time": [0.0, 0.0833, 0.1667, 0.1833, 0.3833, 0.8167],
            "transform": [
                [1.0, -8.3e-05, -0.000145, 0.0, 0.000161, 0.234547, 0.972105, 0.37472, -4.7e-05, -0.972104, 0.234546, 0.0, 0.0, 0.0, 0.0, 1.0],
                [1.0, -1.1e-05, -3e-05, 0.0, 3.1e-05, 0.204749, 0.978814, 0.37472, -5e-06, -0.978815, 0.204749, -0.0, 0.0, 0.0, 0.0, 1.0],
                [1.0, -0.000169, -0.000137, 0.0, 0.000214, 0.645249, 0.763972, 0.37472, -4e-05, -0.763972, 0.645249, 0.0, 0.0, 0.0, 0.0, 1.0],
                [1.0, -0.00017, -0.000134, 0.0, 0.000212, 0.651342, 0.758785, 0.37472, -4.1e-05, -0.758784, 0.651341, -0.0, 0.0, 0.0, 0.0, 1.0],
                [1.0, -0.000169, -0.000137, 0.0, 0.000214, 0.645249, 0.763972, 0.37472, -4e-05, -0.763972, 0.645249, 0.0, 0.0, 0.0, 0.0, 1.0],
                [1.0, -4.1e-05, -5e-06, 0.0, 4.1e-05, 0.965419, 0.260702, 0.37472, -6e-06, -0.260702, 0.965419, -0.0, 0.0, 0.0, 0.0, 1.0]
            ]
        },
        {
            "name": "Knee_L",
            "time": [0.0, 0.0833, 0.1667, 0.1833, 0.3833, 0.8167],
            "transform": [
                [1.0, 0.0, -0.0, 0.0, -0.0, 0.0, -1.0, 0.37472, -0.0, 1.0, 0.0, 0.0, 0.0, 0.0, 0.0, 1.0],
                [1.0, 0.0, -0.0, 0.0, -0.0, 0.0, -1.0, 0.37472, -0.0, 1.0, 0.0, -0.0, 0.0, 0.0, 0.0, 1.0],
                [1.0, 0.0, -0.0, 0.0, -1e-06, 0.0, -1.0, 0.37472, -0.0, 1.0, 0.0, 0.0, 0.0, 0.0, 0.0, 1.0],
                [1.0, 0.0, -0.0, 0.0, -0.0, 0.0, -1.0, 0.37472, -0.0, 1.0, 0.0, -0.0, 0.0, 0.0, 0.0, 1.0],
                [1.0, 0.0, -0.0, 0.0, -1e-06, 0.0, -1.0, 0.37472, -0.0, 1.0, 0.0, 0.0, 0.0, 0.0, 0.0, 1.0],
                [1.0, 0.0, -0.0, 0.0, -0.0, 0.0, -1.0, 0.37472, -0.0, 1.0, 0.0, 0.0, 0.0, 0.0, 0.0, 1.0]
            ]
        },
        {
            "name": "Torso",
            "time": [0.0, 0.0833, 0.1667, 0.1833, 0.3833, 0.8167],
            "transform": [
                [1.0, -0.0, 0.0, 0.0, 0.0, 0.998097, 0.061662, 0.05, -0.0, -0.061662, 0.998097, 0.0, 0.0, 0.0, 0.0, 1.0],
                [1.0, -0.0, 0.0, -0.0, 0.0, 0.998097, 0.061662, 0.05, -0.0, -0.061662, 0.998097, 0.0, 0.0, 0.0, 0.0, 1.0],
                [1.0, -0.0, -0.0, -0.0, 0.0, 0.998097, 0.061662, 0.05, 0.0, -0.061662, 0.998097, 0.0, 0.0, 0.0, 0.0, 1.0],
                [1.0, -0.0, 0.0, -0.0, 0.0, 0.998097, 0.061662, 0.05, 0.0, -0.061662, 0.998097, 0.0, 0.0, 0.0, 0.0, 1.0],
                [1.0, -0.0, -0.0, -0.0, 0.0, 0.998097, 0.061662, 0.05, 0.0, -0.061662, 0.998097, 0.0, 0.0, 0.0, 0.0, 1.0],
                [1.0, 0.0, 0.0, 0.0, 0.0, 1.0, 0.0, 0.05, 0.0, 0.0, 1.0, -0.0, 0.0, 0.0, 0.0, 1.0]
            ]
        },
        {
            "name": "Chest",
            "time": [0.0, 0.0833, 0.1667, 0.1833, 0.3833, 0.8167],